{"cameraMode":{"drawMode":0,"name":"Shaded","section":"Shading Mode"},"sceneLighting":false,"audioPlay":false,"sceneViewState":{"m_AlwaysRefresh":false,"showFog":true,"showSkybox":false,"showFlares":true,"showImageEffects":true,"showParticleSystems":true,"showVisualEffectGraphs":true,"m_FxEnabled":true},"in2DMode":false,"pivot":{"x":57.130001068115237,"y":1.190000057220459,"z":-49.04999923706055},"rotation":{"x":0.11950939893722534,"y":-0.13952960073947907,"z":0.01696516014635563,"w":0.9828594923019409},"size":1.6295145750045777,"orthographic":true}